Entity,Code,Year,New Food Balances - Poultry Meat - 2734 - Food supply quantity (kg/capita/yr) - 645 - kg,New Food Balances - Bovine Meat - 2731 - Food supply quantity (kg/capita/yr) - 645 - kg,New Food Balances - Mutton & Goat Meat - 2732 - Food supply quantity (kg/capita/yr) - 645 - kg,New Food Balances - Pigmeat - 2733 - Food supply quantity (kg/capita/yr) - 645 - kg,"New Food Balances - Meat, Other - 2735 - Food supply quantity (kg/capita/yr) - 645 - kg","New Food Balances - Fish, Seafood - 2960 - Food supply quantity (kg/capita/yr) - 645 - kg"
Afghanistan,AFG,2014,1.98,3.91,4.38,0.01,0.33,0.19
Afghanistan,AFG,2015,1.91,3.46,4.29,0.01,0.32,0.21
Afghanistan,AFG,2016,1.67,2.96,4.11,0,0.31,0.23
Afghanistan,AFG,2017,1.53,2.61,4.15,0,0.3,0.25
Albania,ALB,2014,13.79,18.21,11.9,7.42,0,5.34
Albania,ALB,2015,12.59,13.71,9.08,6.34,0,5.35
Albania,ALB,2016,12.2,13.76,9.11,6.36,0,5.36
Albania,ALB,2017,16.36,14.67,9.11,7.2,0.17,5.36
Algeria,DZA,2014,6.86,5.43,7.47,0,0.36,4.4
Algeria,DZA,2015,6.64,5.35,7.02,0,0.36,4.16
Algeria,DZA,2016,6.67,5.4,6.81,0,0.36,3.92
Algeria,DZA,2017,6.38,4.63,6.69,0,0.35,3.86
Angola,AGO,2014,15.08,5.5,0.87,8.24,0.34,26.36
Angola,AGO,2015,13.19,4.84,0.91,6.57,0.34,22.72
Angola,AGO,2016,9.13,4.11,0.8,7.19,0.33,19.52
Angola,AGO,2017,10.56,4.33,0.77,7.5,0.32,20.22
Antigua and Barbuda,ATG,2014,54.55,8.68,1.52,8.22,0.39,54.17
Antigua and Barbuda,ATG,2015,54.99,7.14,1.53,8.13,0.34,53.59
Antigua and Barbuda,ATG,2016,48.31,6.41,1.51,7.69,0.26,53.04
Antigua and Barbuda,ATG,2017,54.1,7.47,1.99,8.22,0.25,52.54
Argentina,ARG,2014,36.88,54.05,1.49,10.02,1.03,5.88
Argentina,ARG,2015,42.24,54.26,1.46,9.99,0.99,7.21
Argentina,ARG,2016,41.85,53.82,1.32,10.15,1.04,6.07
Argentina,ARG,2017,42.24,54.16,1.28,10.7,1,7.29
Armenia,ARM,2014,13.14,18.53,3.05,9.84,0.01,5.5
Armenia,ARM,2015,13.11,17.66,3.07,9.85,0.01,6.59
Armenia,ARM,2016,13.2,17.68,3.08,8.71,0.01,6.54
Armenia,ARM,2017,16.06,17.82,2.95,8.79,0.03,5.83
Australia,AUS,2014,46.73,35.38,9.95,25.08,2.33,26.41
Australia,AUS,2015,47.21,37.09,9.99,26.63,2.33,24.82
Australia,AUS,2016,47.42,37.21,10.02,26.1,2.29,25.7
Australia,AUS,2017,47.65,35.7,10.07,25.92,2.26,25.87
Austria,AUT,2014,19.03,16.26,1.13,52.74,1.32,14
Austria,AUT,2015,18.86,16.47,1.13,52.94,1.18,14.03
Austria,AUT,2016,18.19,18.28,1.13,49.24,1.17,14.05
Austria,AUT,2017,18.2,17.76,1.12,48.97,1.17,14.09
Azerbaijan,AZE,2014,11.52,12.66,7.9,0.3,0.06,1.93
Azerbaijan,AZE,2015,11.88,12.84,7.88,0.92,0.01,1.37
Azerbaijan,AZE,2016,11.85,12.36,7.8,0.63,0,2.19
Azerbaijan,AZE,2017,13.11,12.69,7.77,0.51,0,3.2
Bahamas,BHS,2014,43.33,12.35,4.52,17.23,0.28,28.13
Bahamas,BHS,2015,39.62,12.93,2.62,17.36,0.3,27.86
Bahamas,BHS,2016,43.83,9.64,2.19,13.76,0.37,27.59
Bahamas,BHS,2017,43.17,7.93,2.91,12.56,0.47,27.31
Bangladesh,BGD,2014,1.43,1.24,1.31,0,0.07,22.92
Bangladesh,BGD,2015,1.45,1.22,1.3,0,0.07,23.86
Bangladesh,BGD,2016,1.48,1.2,1.29,0,0,24.57
Bangladesh,BGD,2017,1.5,1.18,1.36,0,0,24.31
Barbados,BRB,2014,46.21,12.03,4.45,7.53,0,40.17
Barbados,BRB,2015,50,13.73,4.19,8.13,0.01,40.1
Barbados,BRB,2016,47.56,13.7,3.99,8.34,0.01,40.03
Barbados,BRB,2017,46.78,12.76,4.49,7.29,0.05,39.97
Belarus,BLR,2014,28.67,17.2,0.11,33.77,0.22,16.31
Belarus,BLR,2015,27.93,16.75,0.11,34.44,0.23,16.3
Belarus,BLR,2016,27.65,16.61,0.1,35.76,0.19,16.28
Belarus,BLR,2017,27.98,16.73,0.11,36.46,0.19,16.28
Belgium,BEL,2014,12.44,14.48,1.34,39.87,1.32,26.19
Belgium,BEL,2015,11.37,14.26,1.29,37.21,1.7,24.72
Belgium,BEL,2016,12.43,13.91,1.11,34.47,1.43,23.75
Belgium,BEL,2017,12.65,13.76,1.04,36.54,1.79,23.01
Belize,BLZ,2014,25.82,4.41,0.1,12.53,0.25,12.93
Belize,BLZ,2015,25.81,4.06,0.11,11.74,0.25,12.66
Belize,BLZ,2016,25.82,3.41,0.11,11.82,0.25,12.4
Belize,BLZ,2017,25.69,3.26,0.11,11.77,0.26,12.16
Benin,BEN,2014,20.24,3.29,0.98,0.82,0.92,20.1
Benin,BEN,2015,18.21,3.35,0.88,0.78,0.82,19
Benin,BEN,2016,15.47,3.36,0.91,0.73,0.79,20.15
Benin,BEN,2017,14.4,3.42,0.92,0.74,0.77,17.6
Bolivia,BOL,2014,33.19,19.69,1.63,8.62,1.62,2.39
Bolivia,BOL,2015,35.21,20.99,1.82,8.62,1.61,2.65
Bolivia,BOL,2016,35.61,21.56,2.06,9.08,1.59,2.63
Bolivia,BOL,2017,36,21.89,2.46,9.48,1.56,2.57
Bosnia and Herzegovina,BIH,2014,15.86,9.63,0.57,8.24,0.22,4.7
Bosnia and Herzegovina,BIH,2015,16.15,9.06,0.41,8.68,0.11,4.78
Bosnia and Herzegovina,BIH,2016,16.44,9.18,0.41,9.17,0.11,4.84
Bosnia and Herzegovina,BIH,2017,16.7,9.33,0.41,9.41,0.18,4.89
Botswana,BWA,2014,4.23,6.6,3.79,0.66,12.12,4.46
Botswana,BWA,2015,3.04,7.69,2.81,0.68,11.91,3.95
Botswana,BWA,2016,3.34,5.81,2.7,0.79,12.15,3.88
Botswana,BWA,2017,3.39,5.78,2.83,0.73,11.71,3.8
Brazil,BRA,2014,44.49,38.79,0.61,12,0.35,9.94
Brazil,BRA,2015,46.16,37.92,0.6,12.86,0.34,9.02
Brazil,BRA,2016,46.32,37,0.6,13.04,0.3,9.05
Brazil,BRA,2017,48.03,37.05,0.6,13.65,0.51,9.09
Bulgaria,BGR,2014,21.54,4.16,1.9,28.22,0.81,6.43
Bulgaria,BGR,2015,21.72,4.09,1.54,28.57,0.82,6.98
Bulgaria,BGR,2016,22.19,4.14,1.67,29.11,0.9,7.18
Bulgaria,BGR,2017,22.06,3.89,1.38,30.05,0.92,7.05
Burkina Faso,BFA,2014,2.04,5.39,2.91,2.22,0.48,6.53
Burkina Faso,BFA,2015,2.46,4.99,2.71,2.17,0.46,6.89
Burkina Faso,BFA,2016,2.35,5.62,2.1,2.07,0.44,7.27
Burkina Faso,BFA,2017,2.27,5.21,2.05,2.03,0.45,7.06
Cambodia,KHM,2014,1.72,4.13,0,6.98,0,42.37
Cambodia,KHM,2015,1.66,3.99,0.01,6.8,0,41.22
Cambodia,KHM,2016,1.74,3.95,0.01,6.69,0,42.23
Cambodia,KHM,2017,2.34,4.1,0.01,5.89,0,42.69
Cameroon,CMR,2014,3.15,3.9,1.41,1.29,3.16,19.81
Cameroon,CMR,2015,3.24,3.78,1.39,1.3,3.13,20.14
Cameroon,CMR,2016,3.29,3.4,1.32,1.26,3.11,21.04
Cameroon,CMR,2017,3.16,3.24,1.28,1.21,3.09,18.06
Canada,CAN,2014,37.05,28.44,0.98,22.86,0.02,23.04
Canada,CAN,2015,37.88,27.43,0.98,24.88,0.01,22.22
Canada,CAN,2016,38.57,21,0.98,23.26,0.02,22.67
Canada,CAN,2017,39.02,18.13,0.99,24.46,0.01,22.45
Cape Verde,CPV,2014,17.25,1.92,1.81,10.09,0.13,12.47
Cape Verde,CPV,2015,17.39,1.94,1.81,10.07,0.15,12.56
Cape Verde,CPV,2016,17.56,1.96,1.83,11.26,0.12,11.23
Cape Verde,CPV,2017,17.62,2.21,1.86,10.27,0.22,11.1
Central African Republic,CAF,2014,1.85,19.83,5.04,3.82,4.51,8.02
Central African Republic,CAF,2015,1.79,20.03,5.12,3.64,4.56,7.93
Central African Republic,CAF,2016,1.9,19.78,5.54,3.89,4.56,7.83
Central African Republic,CAF,2017,2.29,19.75,5.51,3.8,4.55,7.73
Chad,TCD,2014,0.52,8.56,2.44,0.06,0.82,8.93
Chad,TCD,2015,0.48,8.73,14.61,0.06,1.07,7.14
Chad,TCD,2016,0.49,8.52,16.11,0.06,0.76,7.6
Chad,TCD,2017,0.45,8.26,16.76,0.06,0.95,7.18
Chile,CHL,2014,35.93,20.75,0.54,23.78,0.74,12.68
Chile,CHL,2015,35.72,21.87,0.52,23.14,0.73,11.44
Chile,CHL,2016,36.95,22.98,0.47,23.75,0.6,11.25
Chile,CHL,2017,36.36,21.23,0.48,24.47,0.62,11.78
China,CHN,2014,12.58,5.02,3.06,39.02,1.15,35.93
China,CHN,2015,12.27,5.24,3.09,38.92,1.17,37.49
China,CHN,2016,13.06,5.43,3.19,37.98,1.18,37.96
China,CHN,2017,12.88,5.58,3.25,37.63,1.25,38.17
Colombia,COL,2014,28.63,17.27,0.16,6.72,0.12,7.49
Colombia,COL,2015,29.66,17.36,0.17,7.15,0.12,7.37
Colombia,COL,2016,30.88,15.98,0.15,7.94,0.12,7.27
Colombia,COL,2017,31.99,14.68,0.15,8.95,0.12,7.16
Congo,COG,2014,13.47,2.81,0.38,2.42,8.85,27.93
Congo,COG,2015,24.37,1.31,0.35,3.71,9.02,25.19
Congo,COG,2016,23.61,1.32,0.35,3.59,9.16,27.67
Congo,COG,2017,21.53,2.81,0.35,6.12,9.3,29.34
Costa Rica,CRI,2014,24.37,14.9,0.02,10.54,0,14.2
Costa Rica,CRI,2015,25.25,14.34,0.01,11.25,0,14.73
Costa Rica,CRI,2016,26.16,13.43,0.02,12.29,0,16.55
Costa Rica,CRI,2017,26.52,13.58,0.01,13.44,0,18.46
Cote d'Ivoire,CIV,2014,2.05,1.23,0.57,0.85,6.48,16.51
Cote d'Ivoire,CIV,2015,1.77,0.89,0.56,1.22,6.43,18.37
Cote d'Ivoire,CIV,2016,2.63,1.04,0.59,1.41,6.4,18.43
Cote d'Ivoire,CIV,2017,2.53,1.24,0.56,1.72,6.32,17.97
Croatia,HRV,2014,8.63,11.19,1.38,45.78,1.59,18.03
Croatia,HRV,2015,8.9,11.47,1.39,48.1,1.23,16.81
Croatia,HRV,2016,9.11,11.77,1.47,47.89,1.03,17.02
Croatia,HRV,2017,10.77,12.31,1.52,49.58,1.11,18.74
Cuba,CUB,2014,17.38,6.28,1.29,17.75,5.28,6.28
Cuba,CUB,2015,18.87,6.51,1.22,17.99,5.39,6.85
Cuba,CUB,2016,20.56,6.53,1.11,18.6,5.36,6.25
Cuba,CUB,2017,23.72,6.6,1.18,18.56,5.41,5.69
Cyprus,CYP,2014,24.62,6.1,5.3,34.22,1.71,23.92
Cyprus,CYP,2015,24.51,5.83,5,33.65,1.36,23.05
Cyprus,CYP,2016,24.55,6.42,4.87,34.3,1.23,23.55
Cyprus,CYP,2017,25.08,6.72,5,34.77,1.25,24.94
Czechia,CZE,2014,20.49,8.81,0.31,43.4,3.81,8.78
Czechia,CZE,2015,20.93,9.17,0.31,46.12,3.89,9.3
Czechia,CZE,2016,21.19,10.13,0.32,45.47,4.16,8.94
Czechia,CZE,2017,21.96,10.34,0.32,45.82,4.34,9.31
Denmark,DNK,2014,23.72,27.68,0.88,10.74,0.83,22.97
Denmark,DNK,2015,18.36,27.68,0.88,12.15,0.83,22.88
Denmark,DNK,2016,26.18,27.74,0.89,13.66,1.52,22.78
Denmark,DNK,2017,28.98,25.38,0.9,14.21,1.35,22.7
Djibouti,DJI,2014,1.84,7.54,5.72,0.11,0.86,3.81
Djibouti,DJI,2015,2.15,7.4,5.53,0.06,0.85,4.82
Djibouti,DJI,2016,2.09,6.72,4.86,0.08,0.76,5.76
Djibouti,DJI,2017,2.68,6.73,4.8,0.08,0.75,3.69
Dominica,DMA,2014,36.01,8.87,0.98,11.3,0,32.68
Dominica,DMA,2015,35.32,8.49,1.23,11.45,0,32.59
Dominica,DMA,2016,36.39,8.35,1.36,10.63,0.04,28.72
Dominica,DMA,2017,35.19,8.46,0.97,10.27,0.13,28.06
Dominican Republic,DOM,2014,32.75,8.27,0.23,9.31,0.02,8.99
Dominican Republic,DOM,2015,33.4,8.87,0.19,10.06,0.01,9.08
Dominican Republic,DOM,2016,35.19,8.37,0.21,10.36,0.01,9.66
Dominican Republic,DOM,2017,35.26,8.68,0.21,11.08,0.02,9.56
Ecuador,ECU,2014,20.57,13.94,0.32,23.02,0.07,6.95
Ecuador,ECU,2015,20.02,12.78,0.26,19.82,0.06,7.79
Ecuador,ECU,2016,19.57,12.47,0.24,13.52,0.06,7.91
Ecuador,ECU,2017,19.31,12.61,0.2,13.04,0.06,7.77
Egypt,EGY,2014,12.08,11.54,1.5,0.01,1.22,24.18
Egypt,EGY,2015,12.5,12.92,1.54,0.01,1.25,23.54
Egypt,EGY,2016,12.73,11.43,1.41,0.01,1.27,23.38
Egypt,EGY,2017,12.96,10.76,1.31,0.01,1.25,23.69
El Salvador,SLV,2014,19.67,5.62,0.02,3.08,0,8.29
El Salvador,SLV,2015,19.84,5.64,0.02,3.22,0,7.23
El Salvador,SLV,2016,20,5.82,0.02,3.62,0,6.72
El Salvador,SLV,2017,20.43,6.31,0.02,3.76,0,6.64
Estonia,EST,2014,20.07,6.35,0.45,33.07,0.08,12.63
Estonia,EST,2015,20.9,6.51,0.45,35.94,0.13,12.37
Estonia,EST,2016,21.34,7.47,0.46,36.67,0.1,14.2
Estonia,EST,2017,21.26,7.44,0.46,34.36,0.11,14.72
Eswatini,SWZ,2014,7.12,16.43,2.26,2.07,0.27,4.44
Eswatini,SWZ,2015,6.69,16.17,2.29,1.59,0.25,4.16
Eswatini,SWZ,2016,3.58,16.38,2.09,1.68,0.25,3.65
Eswatini,SWZ,2017,6.46,16.97,2,1.91,0.27,3.88
Ethiopia,ETH,2014,0.4,3.7,0.98,0.02,1.16,0.51
Ethiopia,ETH,2015,0.12,3.7,0.36,0.02,1.13,0.45
Ethiopia,ETH,2016,0.12,3.57,0.41,0.02,1.11,0.45
Ethiopia,ETH,2017,0.13,3.52,0.64,0.02,1.09,0.44
Fiji,FJI,2014,26.14,6.02,5.92,4.79,0.11,36.59
Fiji,FJI,2015,25.04,4.44,5.83,4.93,0.12,36.57
Fiji,FJI,2016,26.06,3.28,5.77,4.88,0.11,35.03
Fiji,FJI,2017,28.02,5,6.03,4.68,0.11,34.83
Finland,FIN,2014,18.5,18.42,0.55,36.89,1.22,35.82
Finland,FIN,2015,18.45,17.94,0.55,36.86,1.01,34.84
Finland,FIN,2016,18.62,18.33,0.56,36.88,0.82,31.8
Finland,FIN,2017,18.76,19.05,0.56,37.31,1.01,33.62
France,FRA,2014,23.94,23.99,3.3,33.42,1.48,33.93
France,FRA,2015,23.95,24,3.31,33.69,1.3,33.52
France,FRA,2016,23.98,23.66,3.1,32.89,1.64,33.59
France,FRA,2017,22.9,23.15,2.84,32.78,1.37,34.37
French Polynesia,PYF,2014,48.5,25.59,3.19,13.58,2.37,48.82
French Polynesia,PYF,2015,48.05,25.19,3.18,13.6,2.15,48.1
French Polynesia,PYF,2016,47.41,25.24,3.18,19.02,1.97,47.51
French Polynesia,PYF,2017,47.4,25.01,3.1,19.14,1.43,47.24
Gabon,GAB,2014,30.71,7.12,1.22,8.01,16.42,36.87
Gabon,GAB,2015,32.5,8.26,0.83,8.29,16.49,34.31
Gabon,GAB,2016,29.52,5.92,0.71,7.73,16.1,33.44
Gabon,GAB,2017,29.33,6.34,0.69,7.99,14.85,30.94
Gambia,GMB,2014,3.35,2.2,0.6,0.27,0.68,25.46
Gambia,GMB,2015,3.38,2.76,0.61,0.32,0.68,26.66
Gambia,GMB,2016,3.38,2.74,0.66,0.53,0.68,26.86
Gambia,GMB,2017,3.53,2.65,0.67,0.27,0.69,27.53
Georgia,GEO,2014,14.25,7.17,0.76,9.77,0.11,7.99
Georgia,GEO,2015,14.53,6.49,0.77,9.36,0.21,6.45
Georgia,GEO,2016,14.78,5.77,0.77,9.1,0.1,8.03
Georgia,GEO,2017,15.27,5.94,0.78,9.7,0.14,8.04
Germany,DEU,2014,18.28,13.53,0.81,52.93,2.6,13.13
Germany,DEU,2015,18.49,14.17,0.81,51.91,2.5,12.95
Germany,DEU,2016,19.4,14.6,0.81,51.24,2.48,13.75
Germany,DEU,2017,19.47,14.91,0.82,50.45,2.13,12.75
Ghana,GHA,2014,8.49,1.11,1.8,0.96,2.94,22.51
Ghana,GHA,2015,6.33,1.05,1.8,1.05,2.95,24.71
Ghana,GHA,2016,5.39,1,1.75,1,2.62,26.08
Ghana,GHA,2017,7.24,1.01,1.72,1.08,2.69,25.51
Greece,GRC,2014,15.31,15.38,11.82,28.8,2.44,17.77
Greece,GRC,2015,15.14,14.42,7.97,28.83,2.25,17.94
Greece,GRC,2016,15.11,14.82,7.87,28.84,2.14,20.53
Greece,GRC,2017,15.32,15.7,9.24,29.24,2.19,19.44
Grenada,GRD,2014,42.84,2.89,1.19,8.95,0.33,27.67
Grenada,GRD,2015,44.3,3.89,1.27,10.42,0.26,27.27
Grenada,GRD,2016,43.73,3.95,1.49,8.24,0.11,24.82
Grenada,GRD,2017,45.7,3.17,1.23,8.64,0.65,27.1
Guatemala,GTM,2014,18.19,10.88,0.13,4.62,0.16,2.75
Guatemala,GTM,2015,20.17,11.25,0.13,4.62,0.15,2.69
Guatemala,GTM,2016,20.83,11.27,0.13,4.87,0.15,2.64
Guatemala,GTM,2017,20.58,10.77,0.13,4.76,0.15,2.58
Guinea,GIN,2014,2.23,6.68,1.65,0.15,0.54,10.88
Guinea,GIN,2015,2.58,6.67,1.71,0.15,0.53,10.28
Guinea,GIN,2016,3.46,6.51,1.78,0.18,0.52,10.37
Guinea,GIN,2017,4.08,6.5,1.79,0.17,0.51,10.09
Guinea-Bissau,GNB,2014,2.12,4.13,1.49,9.45,0,1.41
Guinea-Bissau,GNB,2015,2.16,4.15,1.49,9.55,0,1.37
Guinea-Bissau,GNB,2016,2.17,4.17,1.41,9.7,0,1.34
Guinea-Bissau,GNB,2017,2.16,3.87,1.38,9.88,0,1.3
Guyana,GUY,2014,38.26,3.11,1.19,2.31,0.13,30.96
Guyana,GUY,2015,38.36,3.17,1.21,2.3,0.13,30.79
Guyana,GUY,2016,38.12,3.29,1.09,2.3,0.13,30.64
Guyana,GUY,2017,38.34,3.37,1.1,2.37,0.04,30.48
Haiti,HTI,2014,6.62,4.21,0.6,3.54,0.42,5.36
Haiti,HTI,2015,7.73,4.2,0.6,3.61,0.4,5.74
Haiti,HTI,2016,9.4,4.17,0.59,3.56,0.4,4.59
Haiti,HTI,2017,8.91,4.1,0.58,3.63,0.39,4.53
Honduras,HND,2014,21.23,6.78,0.03,4.08,0.06,3.32
Honduras,HND,2015,21.49,7.11,0.03,4.25,0,3.26
Honduras,HND,2016,21.69,7.16,0.03,4.53,0,3.21
Honduras,HND,2017,21.73,6.84,0.03,4.49,0,3.15
Hong Kong,HKG,2014,52.01,19.47,1.97,52.12,3.64,67.71
Hong Kong,HKG,2015,39.77,19.55,1.57,57.17,3.37,73.57
Hong Kong,HKG,2016,45.17,19.76,0.87,59.35,3.15,71.36
Hong Kong,HKG,2017,53.51,20.1,1.36,59.1,2.99,70.75
Hungary,HUN,2014,25.4,4.21,0.14,40.41,0.45,5.58
Hungary,HUN,2015,24.82,3.8,0.14,45.26,0.29,5.88
Hungary,HUN,2016,24.95,4.04,0.13,48.15,0.4,5.73
Hungary,HUN,2017,25.27,4.19,0.14,49.82,0.3,6.3
Iceland,ISL,2014,26.81,14.88,21.65,19.7,3.25,92.32
Iceland,ISL,2015,27.66,14.23,21.72,19.89,2.86,91.85
Iceland,ISL,2016,28.76,14.35,21.85,20.27,2.97,91.31
Iceland,ISL,2017,29.95,15.12,21.92,20.77,3.25,90.71
India,IND,2014,1.98,0.73,0.46,0.23,0.1,6.2
India,IND,2015,2.1,0.79,0.45,0.23,0.1,6.42
India,IND,2016,2.17,0.8,0.45,0.24,0.11,6.59
India,IND,2017,2.22,0.76,0.44,0.25,0.11,6.9
Indonesia,IDN,2014,6.4,2.39,0.41,1.14,0.01,36.96
Indonesia,IDN,2015,6.62,2.27,0.41,1.25,0.01,38.28
Indonesia,IDN,2016,7.42,2.61,0.42,1.27,0.01,39.32
Indonesia,IDN,2017,7.19,2.79,0.46,1.24,0.01,44.67
Iran,IRN,2014,25.9,4.02,3.29,0,0.19,10.6
Iran,IRN,2015,25.49,4.4,2.58,0,0.15,10.84
Iran,IRN,2016,27.16,4.61,2.79,0,0.16,11.67
Iran,IRN,2017,27.52,5.22,3.08,0,0.16,11.73
Iraq,IRQ,2014,13.94,2.73,1.59,0,0.07,3.87
Iraq,IRQ,2015,12.37,2.34,1.51,0,0.06,2.45
Iraq,IRQ,2016,11.46,2.23,1.48,0,0.06,2.78
Iraq,IRQ,2017,14.95,2.59,1.45,0,0.07,3.37
Ireland,IRL,2014,24.88,26.38,3.31,30.57,0.74,21.84
Ireland,IRL,2015,26.48,28.01,3.38,29.87,1.34,21.17
Ireland,IRL,2016,26,20.13,3.39,27.08,1.93,21.21
Ireland,IRL,2017,25.82,20.31,3.41,28.84,0.29,23.43
Israel,ISR,2014,66.72,25.32,2.05,2.23,0.01,23.84
Israel,ISR,2015,66.62,24.8,1.97,1.64,0.01,23.39
Israel,ISR,2016,67.15,26.35,1.58,1.7,0.01,24.61
Israel,ISR,2017,67.39,26.5,1.62,1.48,0.01,25.92
Italy,ITA,2014,18.48,19.31,0.98,36.73,3.16,28.17
Italy,ITA,2015,18.52,16.99,0.91,39.07,2.19,29.42
Italy,ITA,2016,18.63,16.77,0.96,38.25,2.07,29.81
Italy,ITA,2017,18.88,15.56,0.89,43.77,1.85,29.8
Jamaica,JAM,2014,51.73,3.42,1.26,3.37,0.02,21.49
Jamaica,JAM,2015,52.44,3.52,1.1,3.36,0.02,21.55
Jamaica,JAM,2016,50.87,3.64,1.06,3.75,0.02,23.01
Jamaica,JAM,2017,51.1,3.41,1,3.42,0.03,25.41
Japan,JPN,2014,17.65,8.89,0.14,20.18,0.11,48.73
Japan,JPN,2015,17.68,8.5,0.15,19.71,0.1,47.32
Japan,JPN,2016,17.88,8.47,0.15,20.63,0.1,45.08
Japan,JPN,2017,18.5,9.19,0.15,21.39,0.1,45.49
Jordan,JOR,2014,28.18,3.1,4.98,0.01,0.08,5.62
Jordan,JOR,2015,28.1,3.76,4.73,0.01,0.08,5.8
Jordan,JOR,2016,27.92,4.63,4.8,0.01,0.09,6.01
Jordan,JOR,2017,28.07,5.08,4.69,0.01,0.06,5.87
Kazakhstan,KAZ,2014,18.05,22.74,9.35,9.26,5.52,4.7
Kazakhstan,KAZ,2015,18.01,22.81,9.34,8.47,5.43,4.63
Kazakhstan,KAZ,2016,17.09,22.71,9.32,8.02,5.64,4.56
Kazakhstan,KAZ,2017,18.27,23.78,9.27,7.79,5.76,4.5
Kenya,KEN,2014,0.57,9.03,1.94,0.31,1.95,4.06
Kenya,KEN,2015,0.61,9.69,1.91,0.46,2.08,3.9
Kenya,KEN,2016,0.62,10.27,1.65,0.22,2.12,4.08
Kenya,KEN,2017,0.67,11.19,1.72,0.22,2.14,3.98
Kiribati,KIR,2014,14.24,4.39,0.11,8.51,0.08,75.33
Kiribati,KIR,2015,15.53,2.79,0.12,9.16,0.08,76.12
Kiribati,KIR,2016,18.57,2.67,0.11,9.73,0.04,76.91
Kiribati,KIR,2017,17.98,2.34,0.05,9.47,0.11,76.69
Kuwait,KWT,2014,46.03,9.16,13.49,,0.43,12.62
Kuwait,KWT,2015,46.91,9.47,13.36,,0.24,12.14
Kuwait,KWT,2016,46.66,7.72,13.31,,0.25,11.77
Kuwait,KWT,2017,46.25,7.75,12.9,,0.21,11.48
Kyrgyzstan,KGZ,2014,3.66,15.26,8.55,6.01,1.51,3
Kyrgyzstan,KGZ,2015,3.7,14.6,8.6,3.32,1.49,1.84
Kyrgyzstan,KGZ,2016,4.29,14.69,8.65,3.03,1.5,1.11
Kyrgyzstan,KGZ,2017,3.1,13.97,8.72,3.16,1.52,1.14
Laos,LAO,2014,4.87,9.58,0.3,10.04,0.02,25.49
Laos,LAO,2015,5.14,10.45,0.31,10.26,0.02,23.73
Laos,LAO,2016,5.45,9.24,0.32,10.4,0.01,25.06
Laos,LAO,2017,10.91,8.8,0.33,10.36,0,25.26
Latvia,LVA,2014,20.65,4.63,0.36,35.02,0.33,24
Latvia,LVA,2015,20.32,5.08,0.36,37.76,0.44,24.28
Latvia,LVA,2016,20.35,5.23,0.37,39.26,0.51,24.57
Latvia,LVA,2017,20.89,5.56,0.37,41.4,0.5,24.86
Lebanon,LBN,2014,17.62,11.17,2.05,1,0.01,9.44
Lebanon,LBN,2015,12.9,10.71,1.74,0.92,0.01,8.03
Lebanon,LBN,2016,11.31,10.5,1.7,0.88,0.01,8.87
Lebanon,LBN,2017,10.74,10.69,1.63,0.89,0.01,8.73
Lesotho,LSO,2014,7.77,7.29,2.78,4.94,3.02,2.94
Lesotho,LSO,2015,9.22,2.7,0.66,4.47,3.48,1.44
Lesotho,LSO,2016,8.88,2.84,0.52,4.75,2.9,1.84
Lesotho,LSO,2017,7.93,3.02,0.51,4.41,3.66,1.84
Liberia,LBR,2014,9.82,0.91,0.53,4.71,2.07,7.35
Liberia,LBR,2015,10.8,0.97,0.49,4.66,2,6.64
Liberia,LBR,2016,10.69,0.82,0.48,4.76,1.82,6.03
Liberia,LBR,2017,10.67,0.62,0.47,4.75,1.77,5.88
Lithuania,LTU,2014,26.23,3.85,0.23,46.88,0.76,31.68
Lithuania,LTU,2015,26.65,3.9,0.2,48.38,0.74,32.11
Lithuania,LTU,2016,27.3,4.45,0.19,46.37,0.4,32.58
Lithuania,LTU,2017,28.19,4.89,0.19,47.49,0.51,33.09
Luxembourg,LUX,2014,20.19,25.97,1.87,34.56,1.85,35.05
Luxembourg,LUX,2015,18.09,24.8,1.87,34.22,1.77,35.16
Luxembourg,LUX,2016,18.29,25.86,1.57,34.53,1.71,34.5
Luxembourg,LUX,2017,18.33,24.64,1.34,33.98,1.77,32.15
Macao,MAC,2014,36.15,11.05,0.78,53.9,0.88,62.39
Macao,MAC,2015,34.78,10.66,0.71,53.7,0.91,62.32
Macao,MAC,2016,34.51,11.64,0.67,56.74,0.57,57.23
Macao,MAC,2017,34.47,13.21,0.72,53.02,1.72,56.33
Madagascar,MDG,2014,2.8,6.89,0.52,2.37,0.34,3.56
Madagascar,MDG,2015,2.78,6.57,0.5,2.41,0.33,4.38
Madagascar,MDG,2016,3.05,6.34,0.48,2.47,0.33,5.44
Madagascar,MDG,2017,2.87,6.26,0.47,2.42,0.32,5.29
Malawi,MWI,2014,3.68,2.31,2.19,6,0,7.78
Malawi,MWI,2015,4.12,2.41,2.33,7.24,0,9.11
Malawi,MWI,2016,3.06,2.3,2.55,9.02,0,9.75
Malawi,MWI,2017,5.17,2.47,2.6,10.11,0,9.5
Malaysia,MYS,2014,41.48,5.69,0.82,7.7,0.01,57.44
Malaysia,MYS,2015,41.65,6.14,0.82,7.94,0.02,57.52
Malaysia,MYS,2016,39.84,5.86,0.83,7.37,0.01,57.99
Malaysia,MYS,2017,39.21,5.62,0.83,7.22,0.01,57.62
Maldives,MDV,2014,12.87,4.86,0.64,0.91,0.13,146.71
Maldives,MDV,2015,13.25,6.97,0.64,0.86,0.11,136.82
Maldives,MDV,2016,14.8,5.67,0.64,0.81,0.17,127.98
Maldives,MDV,2017,13.5,5.19,0.91,0.89,0.12,90.41
Mali,MLI,2014,2.87,8.7,7.89,0.16,2.93,6.4
Mali,MLI,2015,2.6,8.92,7.81,0.12,2.91,7.41
Mali,MLI,2016,3.21,9.16,8.03,0.13,2.78,8.53
Mali,MLI,2017,2.83,9.36,8.54,0.15,2.8,9.34
Malta,MLT,2014,25.33,22.01,1.4,36.16,5.32,32.47
Malta,MLT,2015,25.43,17.22,1.41,29.43,5.31,32.22
Malta,MLT,2016,25.84,17.42,1.47,27.69,5.36,32.03
Malta,MLT,2017,27.17,18.89,1.44,28.98,5.56,31.9
Mauritania,MRT,2014,5.16,7.07,12.78,0,6.97,8.77
Mauritania,MRT,2015,5.18,7.08,12.8,0,6.97,8.56
Mauritania,MRT,2016,5.16,6.99,12.62,0,6.22,8.47
Mauritania,MRT,2017,5.14,7.03,12.71,0,6.17,9.16
Mauritius,MUS,2014,38.73,5.25,4.04,3.39,0.79,23.2
Mauritius,MUS,2015,39.02,5.41,4.05,2.96,0.8,23.16
Mauritius,MUS,2016,39.04,5.19,4.11,2.82,0.79,23.12
Mauritius,MUS,2017,37.93,5.18,4.14,2.86,0.78,23.07
Mexico,MEX,2014,30.35,14.53,0.87,14.8,0.61,14.38
Mexico,MEX,2015,30.99,14.06,0.87,15.89,0.67,14.89
Mexico,MEX,2016,31.75,14.05,0.85,16.25,0.65,15.62
Mexico,MEX,2017,32.52,14.18,0.85,16.67,0.65,14.38
Moldova,MDA,2014,15.35,1.74,0.21,16.5,0.17,12.09
Moldova,MDA,2015,15.25,1.43,0.2,18.89,0.16,10.01
Moldova,MDA,2016,15.65,1.58,0.21,18.88,0.17,11.21
Moldova,MDA,2017,16.14,1.62,0.21,19.98,0.17,11.58
Mongolia,MNG,2014,2.66,18.83,49.74,0.36,11.31,0.78
Mongolia,MNG,2015,2.69,22.42,49.9,0.23,11.94,0.48
Mongolia,MNG,2016,2.7,22.19,49.51,0.33,11.85,0.49
Mongolia,MNG,2017,2.77,22.34,50.74,0.41,12.1,0.48
Montenegro,MNE,2014,14.9,12.24,2.31,44.94,0.01,11.92
Montenegro,MNE,2015,15.23,12.38,1.94,44.1,0.01,12.03
Montenegro,MNE,2016,15.57,12.66,1.23,45.44,0.01,13.37
Montenegro,MNE,2017,15.98,12.96,2.15,41.89,0.03,14.06
Morocco,MAR,2014,20.47,7.01,4.93,0.02,1.83,17.04
Morocco,MAR,2015,20.2,7.07,4.98,0.02,1.9,20.2
Morocco,MAR,2016,20.63,7.12,5.01,0.02,1.91,20.35
Morocco,MAR,2017,20.96,7.22,5.07,0.02,1.84,19.47
Mozambique,MOZ,2014,2.81,0.6,0.88,5.33,0.02,10.9
Mozambique,MOZ,2015,3.38,0.61,0.65,4.45,0.02,12.04
Mozambique,MOZ,2016,3.38,0.73,0.66,4.55,0.01,11.8
Mozambique,MOZ,2017,3.59,0.64,0.67,4.47,0.01,11.46
Myanmar,MMR,2014,28.47,6.77,1.38,15.25,0,45.81
Myanmar,MMR,2015,30.5,7.31,1.6,15.91,0,46.78
Myanmar,MMR,2016,30.58,8.11,1.66,16,0,47.62
Myanmar,MMR,2017,30.37,8.53,1.86,17.48,0,47.32
Namibia,NAM,2014,12.39,6.09,3.12,4.08,4.98,12.22
Namibia,NAM,2015,10.9,5.54,3.28,4.33,4.94,12
Namibia,NAM,2016,11.86,5.88,3.56,4.35,5.09,11.78
Namibia,NAM,2017,11.53,6.03,3.41,4.37,5.2,11.56
Nepal,NPL,2014,1.54,8.25,2.18,0.65,0,2.76
Nepal,NPL,2015,1.61,8.21,2.24,0.69,0,2.89
Nepal,NPL,2016,1.94,8.17,2.38,0.82,0,2.87
Nepal,NPL,2017,1.99,8.29,2.42,0.85,0,2.83
Netherlands,NLD,2014,19.79,17.01,0.99,36.26,3.83,21.93
Netherlands,NLD,2015,22.08,16.81,0.99,35.02,3.52,21.87
Netherlands,NLD,2016,21.7,16.04,1,34.22,3.25,21.82
Netherlands,NLD,2017,20.33,15.84,1.01,37.38,1.24,21.77
New Caledonia,NCL,2014,40.34,14.52,1.95,14.72,0.05,24.64
New Caledonia,NCL,2015,40.22,14.54,0.83,16.71,0.06,24.33
New Caledonia,NCL,2016,39.72,14.65,1.93,14.38,0,24.06
New Caledonia,NCL,2017,38.71,13.84,1.92,14.1,0.02,23.8
New Zealand,NZL,2014,34.14,23.56,18.9,23.67,2.37,24.42
New Zealand,NZL,2015,34.36,20.99,18.93,24.33,2.16,24.18
New Zealand,NZL,2016,34.54,21.59,19,23.93,2.32,23.74
New Zealand,NZL,2017,34.79,20.84,19,23.89,2.37,24.73
Nicaragua,NIC,2014,21.65,3.96,0.01,3.93,0.45,6.41
Nicaragua,NIC,2015,20.26,3.74,0.01,4.6,0.42,5.78
Nicaragua,NIC,2016,20.91,2.15,0.01,5.15,0.36,6.6
Nicaragua,NIC,2017,21.59,3.59,0.01,5.28,0.35,6.51
Niger,NER,2014,1.36,7.65,1.64,0.07,2.58,2.64
Niger,NER,2015,1.23,7.38,2.14,0.07,2.57,1.77
Niger,NER,2016,1.04,7,2.12,0.07,2.48,2.1
Niger,NER,2017,0.94,6.7,2.56,0.07,2.48,2.03
Nigeria,NGA,2014,1.07,2.06,2.07,1.36,0.94,12.41
Nigeria,NGA,2015,1.08,2.02,2.07,1.4,0.93,11.23
Nigeria,NGA,2016,1.07,1.9,1.98,1.41,0.92,9.17
Nigeria,NGA,2017,1.01,1.86,1.98,1.39,0.91,9.12
North Korea,PRK,2014,1.84,0.82,0.58,4.08,6.19,10.65
North Korea,PRK,2015,1.75,0.8,0.57,4.17,6.37,11.26
North Korea,PRK,2016,1.67,0.79,0.57,4.3,6.82,11.45
North Korea,PRK,2017,1.62,0.79,0.57,4.64,6.06,11.4
North Macedonia,MKD,2014,17.82,7.44,0.93,8.51,0.14,6.15
North Macedonia,MKD,2015,18.72,7.4,0.78,8.85,0.13,6.44
North Macedonia,MKD,2016,17.98,7,0.58,9.18,0.04,6.31
North Macedonia,MKD,2017,19.73,7.09,0.55,9.14,0.11,6.21
Norway,NOR,2014,18.79,18.14,5.18,22.82,0.8,50.84
Norway,NOR,2015,18.9,20.05,5.2,23.48,0.77,50.03
Norway,NOR,2016,18.93,20.09,5.2,23.42,0.75,51.45
Norway,NOR,2017,19.05,19.63,5.23,22.81,0.75,51.35
Oman,OMN,2014,24.19,10.63,12.15,0.01,2.3,27.31
Oman,OMN,2015,22.52,8.54,10.91,0.01,2.5,27.98
Oman,OMN,2016,21.03,7.31,11.88,0.01,2.47,28.24
Oman,OMN,2017,21.63,7.62,11.65,0.01,2.43,28.54
Pakistan,PAK,2014,4.83,8.28,2.24,0,0.08,1.83
Pakistan,PAK,2015,5.15,8.33,2.25,0,0.08,1.88
Pakistan,PAK,2016,5.5,8.45,2.27,0,0.08,1.84
Pakistan,PAK,2017,5.86,8.62,2.3,,0.08,1.72
Panama,PAN,2014,31.98,20.96,0.01,11.98,0.8,13.81
Panama,PAN,2015,32.53,19.61,0.01,12.48,0.82,13.58
Panama,PAN,2016,33.17,18.07,0.01,13.77,0.84,13.35
Panama,PAN,2017,33.82,17.03,0.01,13.38,0.77,13.12
Paraguay,PRY,2014,7.09,14.97,0.63,28.14,0.17,4.2
Paraguay,PRY,2015,7.15,12.34,0.6,28.25,0.05,4.09
Paraguay,PRY,2016,6.37,15.04,0.58,28.46,0.05,3.96
Paraguay,PRY,2017,5.99,18.61,0.58,28.83,0.05,4.17
Peru,PER,2014,13.17,4.65,0.92,3.77,1.1,24.24
Peru,PER,2015,12.69,4.7,0.87,4.07,1.1,25.07
Peru,PER,2016,12.98,4.71,0.87,4.12,1.09,24.55
Peru,PER,2017,13.47,4.71,0.84,4.3,1.08,25.04
Philippines,PHL,2014,12.56,4.41,0.53,16.99,0.09,29.66
Philippines,PHL,2015,13.04,4.33,0.53,17.34,0.1,29.88
Philippines,PHL,2016,13.78,4.55,0.54,18.08,0.1,28.55
Philippines,PHL,2017,13.87,4.68,0.55,17.83,0.1,28.14
Poland,POL,2014,27.54,3.22,0.03,50.83,0.1,10.65
Poland,POL,2015,28.23,2.53,0.03,54.14,0.08,10.67
Poland,POL,2016,28.81,3.3,0.03,54.07,0.09,10.68
Poland,POL,2017,30.3,3.25,0.03,55.01,0.1,10.69
Portugal,PRT,2014,30.08,16.97,2.05,42.1,1.39,53.17
Portugal,PRT,2015,29.86,16.96,2.25,43.12,1.36,52.66
Portugal,PRT,2016,30.22,17.26,2.32,41.49,1.57,57.36
Portugal,PRT,2017,30.58,17.77,2.35,41.95,1.41,56.84
Romania,ROU,2014,17.62,6.71,3.65,31.27,0.84,5.85
Romania,ROU,2015,17.83,7.24,3.73,33.93,0.75,5.88
Romania,ROU,2016,18.55,7.2,3.83,35.74,0.54,5.92
Romania,ROU,2017,19.37,4.95,3.92,35.34,0.33,5.96
Russia,RUS,2014,28.69,15.77,1.39,24.15,3.42,22.49
Russia,RUS,2015,29.57,14.33,1.38,24.02,3.8,20.12
Russia,RUS,2016,29.29,13.61,1.38,25.44,3.96,20.58
Russia,RUS,2017,30.98,13.51,1.38,26.67,4.06,20.07
Rwanda,RWA,2014,1.4,2.77,2.02,0.88,1.72,5.26
Rwanda,RWA,2015,1.34,3.15,2.08,1.11,1.74,7.15
Rwanda,RWA,2016,1.48,2.59,2.03,1.19,1.73,7.86
Rwanda,RWA,2017,1.49,2.53,2.13,1.21,1.73,7.66
Saint Kitts and Nevis,KNA,2014,59.31,12.36,1.67,7.77,3.88,36.96
Saint Kitts and Nevis,KNA,2015,58.69,8.99,1.8,8.71,3.89,36.65
Saint Kitts and Nevis,KNA,2016,55.02,9.65,1.65,7.29,4.13,36.35
Saint Kitts and Nevis,KNA,2017,55.77,10.88,1.85,10.09,3.91,36.05
Saint Lucia,LCA,2014,63.5,6.53,2.61,23.54,0.14,33.73
Saint Lucia,LCA,2015,64,5.91,2.63,23.04,0.16,33.18
Saint Lucia,LCA,2016,61.17,7.45,2.64,22.75,0.01,31.93
Saint Lucia,LCA,2017,56.69,7.76,2.67,23.76,0.01,34.1
Saint Vincent and the Grenadines,VCT,2014,72.53,7.45,0.98,10.29,0.02,18.3
Saint Vincent and the Grenadines,VCT,2015,72.84,9.01,0.98,10.51,0.02,18.26
Saint Vincent and the Grenadines,VCT,2016,72.23,7.73,0.89,10.29,0.04,18.2
Saint Vincent and the Grenadines,VCT,2017,72.31,9.1,0.99,8.58,0.06,18.14
Samoa,WSM,2014,62.71,10.07,4.42,19.96,0.02,47.19
Samoa,WSM,2015,63.43,10.11,4.43,18.52,0.02,45.95
Samoa,WSM,2016,65.09,9.32,5.16,17.77,0.02,47.7
Samoa,WSM,2017,64.77,9.66,4.88,17.33,0.02,46.32
Sao Tome and Principe,STP,2014,9.55,1.16,0.04,4.58,0.03,29.95
Sao Tome and Principe,STP,2015,9.85,1.24,0.04,4.34,0.02,29.39
Sao Tome and Principe,STP,2016,9.65,1.35,0.04,4.37,0.01,28.84
Sao Tome and Principe,STP,2017,9.47,1.35,0.05,3.93,0,28.3
Saudi Arabia,SAU,2014,44.37,5.14,6.16,,1.62,12.38
Saudi Arabia,SAU,2015,44.67,5.24,5.96,,1.64,11.66
Saudi Arabia,SAU,2016,44.21,2.96,5.05,0.18,1.66,11.93
Saudi Arabia,SAU,2017,43.36,4,4.94,0.18,1.64,11.33
Senegal,SEN,2014,4.45,5.24,3.18,1.01,0.73,20.94
Senegal,SEN,2015,4.45,4.64,3.35,1.05,0.69,17.06
Senegal,SEN,2016,4.58,4.81,2.82,0.95,0.67,18.6
Senegal,SEN,2017,4.76,4.95,2.82,0.94,0.65,18.09
Serbia,SRB,2014,11.43,8.1,3.28,33.18,0.2,6.65
Serbia,SRB,2015,10.51,8.25,3.29,31.51,0.2,5.56
Serbia,SRB,2016,9.04,8.13,3.28,32.26,0.2,4.63
Serbia,SRB,2017,10.16,6.58,3.18,33.38,0.18,6.18
Sierra Leone,SLE,2014,3.77,1.64,0.54,0.73,1.61,28.98
Sierra Leone,SLE,2015,4.62,1.42,0.54,1.14,1.57,27.61
Sierra Leone,SLE,2016,4.35,1.48,0.52,0.71,1.53,26.88
Sierra Leone,SLE,2017,3.97,1.38,0.51,0.86,1.53,26.3
Slovakia,SVK,2014,13.55,5.35,0.13,30.17,1.56,8.44
Slovakia,SVK,2015,13.64,5.37,0.15,29.63,1.71,9.45
Slovakia,SVK,2016,13.86,5.54,0.13,36.92,1.22,9.13
Slovakia,SVK,2017,13.9,6,0.14,37.39,1.92,9.7
Slovenia,SVN,2014,24.31,18.41,0.86,30.76,0.28,11.12
Slovenia,SVN,2015,23.97,19.38,0.86,28.87,0.25,11.21
Slovenia,SVN,2016,24.07,19.5,0.87,31.31,0.25,11.36
Slovenia,SVN,2017,24.41,18.94,0.86,31.84,0.34,11.96
Solomon Islands,SLB,2014,4.3,2.71,0.08,4.44,0,37.08
Solomon Islands,SLB,2015,4.81,1.87,0.08,4.79,0.06,35.11
Solomon Islands,SLB,2016,5.2,1.97,0.08,4.98,0,33.14
Solomon Islands,SLB,2017,4.45,2.71,0.08,4.49,0.01,30.14
South Africa,ZAF,2014,35.45,17.34,3.54,4.27,0.65,7.2
South Africa,ZAF,2015,34.53,18.02,3.21,4.38,0.66,6.55
South Africa,ZAF,2016,36.3,18.04,3.19,4.28,0.66,6.06
South Africa,ZAF,2017,35.69,16.57,2.88,4.19,0.68,5.97
South Korea,KOR,2014,16.17,13.82,0.13,33.44,0.16,54.4
South Korea,KOR,2015,16.33,14.21,0.14,35.94,0.14,55.47
South Korea,KOR,2016,16.45,15.11,0.14,37.13,0.12,55.09
South Korea,KOR,2017,16.7,15.79,0.14,37.96,0.11,54.97
Spain,ESP,2014,28.91,12.26,2.36,49.28,1.73,44.07
Spain,ESP,2015,29.36,12.39,2.08,50.98,1.63,43.59
Spain,ESP,2016,29.94,12.77,2.03,51.66,1.54,42.45
Spain,ESP,2017,30.39,12.74,1.94,53.62,1.56,42.47
Sri Lanka,LKA,2014,5.92,1.13,0.07,0.08,0,30.51
Sri Lanka,LKA,2015,6.79,1.23,0.07,0.07,0,30.72
Sri Lanka,LKA,2016,7.46,1.2,0.07,0.06,0,31
Sri Lanka,LKA,2017,7.78,1.11,0.09,0.05,0,30.84
Sudan,SDN,2014,1.53,9.14,9.08,0,3.77,1.01
Sudan,SDN,2015,1.56,8.98,8.95,0,3.7,1.06
Sudan,SDN,2016,1.59,8.23,8.7,0,3.63,1.06
Sudan,SDN,2017,1.6,7.72,8.47,0,3.59,1.03
Suriname,SUR,2014,35.2,6.02,0.11,7.57,0.1,17.21
Suriname,SUR,2015,34.56,4.68,0.04,7.18,0.13,17.03
Suriname,SUR,2016,33.45,3.94,0.05,7.17,0.15,16.86
Suriname,SUR,2017,31.06,4.28,0.04,6.82,0.19,16.69
Sweden,SWE,2014,16.42,24.49,1.37,34.83,1.67,35.05
Sweden,SWE,2015,16.49,25.73,1.39,34.11,1.68,33.3
Sweden,SWE,2016,16.81,24.83,1.39,33.88,1.58,32.2
Sweden,SWE,2017,16.6,24.26,1.4,33.27,1.54,32.81
Switzerland,CHE,2014,15.89,20.9,1.48,31.22,1.63,16.9
Switzerland,CHE,2015,15.84,20.4,1.48,30.13,1.41,17.24
Switzerland,CHE,2016,15.81,20.35,1.47,29.62,1.37,17.57
Switzerland,CHE,2017,15.72,19.77,1.47,29.24,1.32,16.94
Taiwan,TWN,2014,33.34,4.42,0.95,37.22,0.05,32.95
Taiwan,TWN,2015,32.99,4.31,0.96,39.49,0.06,31.79
Taiwan,TWN,2016,32.95,4.88,0.95,37.98,0.05,29.76
Taiwan,TWN,2017,33.17,5.02,0.92,38.41,0.05,29.69
Tajikistan,TJK,2014,4.31,5.18,5.7,0.5,0.01,0.61
Tajikistan,TJK,2015,4.29,5.12,6.09,0.41,0,0.54
Tajikistan,TJK,2016,3.71,5.44,6.07,0.31,0,0.38
Tajikistan,TJK,2017,4.45,5.78,6.08,0.16,0,0.37
Tanzania,TZA,2014,1.9,5.91,1.29,0.3,0.48,6.33
Tanzania,TZA,2015,1.88,5.92,1.11,0.28,0.46,7.33
Tanzania,TZA,2016,1.88,5.73,1.09,0.28,0.46,7.01
Tanzania,TZA,2017,1.88,5.49,1.12,0.27,0.46,6.8
Thailand,THA,2014,14.49,2.1,0.05,12.81,0,23.06
Thailand,THA,2015,13.25,2.09,0.05,12.66,0,23.08
Thailand,THA,2016,12.67,2.17,0.05,12.48,0,26.46
Thailand,THA,2017,12.95,2.16,0.05,12.22,0,29.17
Timor,TLS,2014,4,1.49,0.4,8.81,17.03,6.96
Timor,TLS,2015,4.32,1.65,0.43,9.27,16.72,6.02
Timor,TLS,2016,4.39,1.54,0.44,9.14,16.4,6.33
Timor,TLS,2017,4.24,1.49,0.42,9.27,16.09,7.98
Togo,TGO,2014,6.72,1.62,1.68,1.65,0.87,10.56
Togo,TGO,2015,6.78,1.7,1.76,1.48,0.89,12.88
Togo,TGO,2016,6.94,1.72,1.69,1.3,0.82,12.02
Togo,TGO,2017,7.06,1.72,1.69,1.31,0.8,11.73
Trinidad and Tobago,TTO,2014,55.68,3.94,2.72,8.42,0.28,23.37
Trinidad and Tobago,TTO,2015,56.5,5.52,2.71,7.12,0.03,21.76
Trinidad and Tobago,TTO,2016,54.61,4.9,2.66,6.64,0.48,20.34
Trinidad and Tobago,TTO,2017,54.54,4.72,2.28,6.54,0.57,23.85
Tunisia,TUN,2014,16.95,5.65,5.53,0,0.3,13.81
Tunisia,TUN,2015,16.95,5.53,5.53,0,0.31,12.92
Tunisia,TUN,2016,16.94,5.48,5.53,0,0.29,13.31
Tunisia,TUN,2017,17.03,5.56,5.47,0,0.29,13.16
Turkey,TUR,2014,19.49,11.82,4.75,0,0.03,5.06
Turkey,TUR,2015,19.72,12.34,4.95,0,0.02,5.51
Turkey,TUR,2016,20.13,12.47,5.02,0,0.02,4.93
Turkey,TUR,2017,20.64,12.9,5.3,0,0.02,4.85
Turkmenistan,TKM,2014,4.28,29.25,24.75,1.16,0,3.64
Turkmenistan,TKM,2015,4.32,28.13,24.77,0.72,0.02,3.62
Turkmenistan,TKM,2016,4.49,27.22,25.2,0.44,0.03,3.15
Turkmenistan,TKM,2017,4.52,29.47,25.9,0.32,0,2.94
Uganda,UGA,2014,1.56,5.36,1.17,3.01,0,14.44
Uganda,UGA,2015,1.49,4.89,1.1,2.95,0,12.41
Uganda,UGA,2016,1.56,4.39,1.12,3.02,0,11.74
Uganda,UGA,2017,1.52,4.17,1.07,2.93,0,11.27
Ukraine,UKR,2014,22.69,8.65,0.4,17.27,0.57,12.63
Ukraine,UKR,2015,21.24,7.79,0.3,16.39,0.55,9.27
Ukraine,UKR,2016,22.2,7.55,0.3,16.74,0.49,10.42
Ukraine,UKR,2017,22.62,6.91,0.3,16.59,0.5,11.67
United Arab Emirates,ARE,2014,43.43,8.2,8.4,,2.78,25.44
United Arab Emirates,ARE,2015,43.91,8.1,8.42,,2.77,25.3
United Arab Emirates,ARE,2016,45.32,7.84,8.44,,2.79,25.04
United Arab Emirates,ARE,2017,43.47,7.35,8.44,,2.76,24.71
United Kingdom,GBR,2014,28.29,17.39,4.39,22.79,1.48,20.12
United Kingdom,GBR,2015,31.16,17.7,4.77,23.43,1.53,19.99
United Kingdom,GBR,2016,32.52,17.8,4.52,24.42,1.53,19.85
United Kingdom,GBR,2017,31.94,17.8,4.26,24.71,1.19,19.73
United States,USA,2014,51.17,37.44,0.46,27.69,0.81,21.82
United States,USA,2015,54.67,35.18,0.48,29.72,0.81,21.92
United States,USA,2016,55.55,36.08,0.48,29.94,0.81,21.91
United States,USA,2017,55.68,37.08,0.51,30.02,0.81,22.36
Uruguay,URY,2014,11.15,34.67,2.16,12.48,0.97,9.21
Uruguay,URY,2015,9.79,32.53,1.79,12.89,1.01,8.61
Uruguay,URY,2016,9.95,25.87,1.95,13.68,0.96,8.24
Uruguay,URY,2017,9.12,31.65,1.78,14.23,0.91,9.23
Uzbekistan,UZB,2014,1.79,26.52,4.14,0.97,0.12,1.92
Uzbekistan,UZB,2015,1.82,27.64,4.21,1.02,0.12,2.28
Uzbekistan,UZB,2016,1.86,26.88,4.26,0.93,0.12,2.29
Uzbekistan,UZB,2017,1.96,27.08,4.3,0.95,0.12,2.25
Vanuatu,VUT,2014,11.23,11.31,0.31,14.48,0.77,30.73
Vanuatu,VUT,2015,11.26,11.54,0.3,14.31,0.1,29.91
Vanuatu,VUT,2016,11.27,10.79,0.31,14.66,0.1,29.14
Vanuatu,VUT,2017,11.66,9.68,0.31,14.26,0.11,28.4
Venezuela,VEN,2014,38.9,25.18,0.32,7.36,0.04,11.1
Venezuela,VEN,2015,30.43,18.73,0.31,7.17,0.04,8.64
Venezuela,VEN,2016,20.98,15.42,0.22,6.54,0.04,9.95
Venezuela,VEN,2017,20.28,14.66,0.22,5.74,0.04,10.1
Vietnam,VNM,2014,13.28,12.34,0.17,35.54,0.14,30.88
Vietnam,VNM,2015,15.16,12.2,0.16,36.7,0.13,35.47
Vietnam,VNM,2016,13.52,11.92,0.15,37.66,0.16,35.92
Vietnam,VNM,2017,12.33,12.89,0.19,37.74,0.18,37.66
Yemen,YEM,2014,10.92,4.36,4.98,0,0.11,5.46
Yemen,YEM,2015,8.91,4.45,4.61,0,0.11,4.78
Yemen,YEM,2016,8.96,4.28,4.1,0,0.09,3.94
Yemen,YEM,2017,8.53,4.26,3.97,0,0.1,3.17
Zambia,ZMB,2014,3.17,4.86,0.64,1.74,2.53,10.57
Zambia,ZMB,2015,3.25,4.85,0.66,1.63,2.48,12.19
Zambia,ZMB,2016,3.41,4.87,0.63,1.63,2.43,12.02
Zambia,ZMB,2017,3.42,4.89,0.62,1.81,2.37,12.05
Zimbabwe,ZWE,2014,4.49,7.26,1.74,1.84,2.58,3.39
Zimbabwe,ZWE,2015,4.67,7.25,1.58,1.74,2.56,3.82
Zimbabwe,ZWE,2016,4.7,7.23,1.69,1.77,2.62,3.79
Zimbabwe,ZWE,2017,4.68,6.9,1.72,1.78,2.58,3.73